model,delta_mean,delta_sem,theta_mean,theta_sem
llama3,0.15762300000000004,0.0023838081744159733,1.132871366404323,0.00812510574794296
mistral,0.20116499999999998,0.0021416680454769397,0.6829781506977561,0.012409551082000283
qwen2,0.17102750000000005,0.0016560776210180611,1.131206483704585,0.005533250994035894
gemma,0.12444749999999999,0.0012833541957471223,1.2646597791963026,0.003813786547563344
