model,P_A_mean,P_A_sem,classical_mean,classical_sem,delta_mean,delta_sem
gpt-oss:20b,0.576,0.015447532574047629,0.47288,0.01219042122721646,0.10311999999999999,0.018135235695666427
phi4:14b,0.7419999999999999,0.00684311937849128,0.6264,0.0069638605338815844,0.11560000000000001,0.01020726617798727
gemma3:12b,0.6500000000000001,0.00408248290463863,0.34769999999999984,0.0007798601273188797,0.3023,0.0041012562746435425
