model,delta_mean,delta_sem,theta_mean,theta_sem
gpt-oss:20b,0.10311999999999999,0.018135235695666427,1.216099109460984,0.058512359917570776
phi4:14b,0.11560000000000001,0.01020726617798727,1.3418963188641035,0.02211842917966089
gemma3:12b,0.3023,0.0041012562746435425,0.20745505805942407,0.02877463996284066
